{
  "com_objects": {
    "engine": {
      "iid": "{66AD836E-258C-4450-BEBF-1407FD8282BB}", 
      "libid": "{1A86F297-2415-4024-B079-35F748C705D3}", 
      "clsid": "{6682837A-2572-440F-A713-F60743825BBB}"
    }, 
    "toolbar": {
      "iid": "{11207057-3461-4F7F-B689-D016B7A0396E}", 
      "clsid": "{51CADCBC-437E-11E1-B65D-46E34724019B}"
    }, 
    "bho": {
      "iid": "{11E7211D-0650-43CF-8498-4C81E83AEAA1}", 
      "libid": "{5642D9D4-437E-11E1-86B7-47E34724019B}", 
      "clsid": "{4D3EC870-437E-11E1-891A-45E34724019B}"
    }
  }, 
  "id": "{0cf0422f-c507-11e0-97b1-14d64d08fdac}"
}