{
  "id": "{BA5102A2-23AC-43ED-9C47-2556008107C7}", 
  "com_objects": {
    "engine": {
      "iid": "{4CAD156E-878C-4250-BEBF-14D7FDB782FC}", 
      "libid": "{5D9D861C-3A20-4FFD-AFE1-5C18043C61CC}", 
      "clsid": "{4C93155F-87CB-42CE-8EB6-B5D77BB711FC}"
    }, 
    "toolbar": {
      "iid": "{8820FE57-E161-4D7F-B689-D0DEB70D3941}", 
      "clsid": "{8824FE64-E1BF-4D49-BF27-01DEB70DA741}"
    }, 
    "bho": {
      "iid": "{BAE7021D-2350-43CF-8498-4C56E881EAC7}", 
      "libid": "{0AED8A7A-E247-4267-AED7-7748A71BB78D}", 
      "clsid": "{BA5102A2-23AC-43ED-9C47-2556008107C7}"
    }
  }
}