{
  "com_objects": {
    "engine": {
      "iid": "{80AD376E-B88C-4A50-BEBF-142BFDAE82DF}", 
      "libid": "{3641C24D-F429-49AC-8588-E74F78619286}", 
      "clsid": "{80A93792-B870-4A3F-B30A-992B96AEFDDF}"
    }, 
    "toolbar": {
      "iid": "{C0207057-3461-4F7F-B689-D016B7A0396E}", 
      "clsid": "{519a230f-9dab-11e1-84ea-005056c00008}"
    }, 
    "bho": {
      "iid": "{96E7211D-0650-43CF-8498-4C81E83AEAA1}", 
      "libid": "{519a2310-9dab-11e1-8a1d-005056c00008}", 
      "clsid": "{5199fc00-9dab-11e1-9d0d-005056c00008}"
    }
  }, 
  "id": "{5199fc00-9dab-11e1-9d0d-005056c00008}"
}