{
  "com_objects": {
    "engine": {
      "iid": "{6CADC06E-3A8C-4750-BEBF-1402FD948278}", 
      "libid": "{6936CB9C-8043-4F94-AF50-E9661F218948}", 
      "clsid": "{6C3EC070-3A3F-47E3-A725-4C02B394C278}"
    }, 
    "toolbar": {
      "iid": "{12207057-3461-4F7F-B689-D016B7A0396E}", 
      "clsid": "{3ADAB536-437E-11E1-B6B5-27E34724019B}"
    }, 
    "bho": {
      "iid": "{12E7211D-0650-43CF-8498-4C81E83AEAA1}", 
      "libid": "{47E8D00A-437E-11E1-A5E7-3DE34724019B}", 
      "clsid": "{3527886C-437E-11E1-8FC7-26E34724019B}"
    }
  }, 
  "id": "{d04473d0-d3a0-11e0-b52a-14d64d08fdac}"
}