﻿<?xml version="1.0" encoding="UTF-8"?>
<RDF:RDF xmlns:RDF="http://www.w3.org/1999/02/22-rdf-syntax-ns#" xmlns:em="http://www.mozilla.org/2004/em-rdf#">
	<RDF:Description about="urn:mozilla:extension:{id}">
		<em:updates>
			<RDF:Seq>
				<RDF:li>
					<RDF:Description>
						<em:version>{version}</em:version>
						<em:targetApplication>
						<RDF:Description>
							<em:id>{{ec8030f7-c20a-464f-9b0e-13a3a9e97384}}</em:id>
							<em:minVersion>17.0</em:minVersion>
							<em:maxVersion>41.*</em:maxVersion>
							<em:updateLink>{update_package_url}</em:updateLink>
						</RDF:Description>
						</em:targetApplication>
					</RDF:Description>
				</RDF:li>
			</RDF:Seq>
		</em:updates>
		<em:version>{version}</em:version>
		<em:updateLink>{update_package_url}</em:updateLink>
	</RDF:Description>
</RDF:RDF>
