{
  "com_objects": {
    "engine": {
      "iid": "{03ADB06E-178C-4E50-BEBF-1465FD018260}", 
      "libid": "{CA5F146C-5EA0-4532-9674-C02458C351F5}", 
      "clsid": "{0361B097-176D-4E3A-B0EB-A16504015C60}"
    }, 
    "toolbar": {
      "iid": "{C0207057-3461-4F7F-B689-D016B7A0396E}", 
      "clsid": "{714165d9-3155-411e-bc86-93d7e97132fc}"
    }, 
    "bho": {
      "iid": "{96E7211D-0650-43CF-8498-4C81E83AEAA1}", 
      "libid": "{d230a796-da15-47e9-8b2d-2cc85a4da538}", 
      "clsid": "{833ee35c-91e5-4db8-a23b-2311c0396e79}"
    }
  }, 
  "id": "{95d67438-a539-4ca8-9048-c8007f56b3b8}"
}